Código SNCI,Área Sobreposta (ha)
141602000001-16,0.021883854216885813
141308000006-46,3.8351328021235534e-06
141308000009-99,0.03645411466344058
141303000002-80,4.3764657751754e-07
141308000005-65,3.697502237628214e-06
141212000003-79,2.882945235683731e-06
140607000003-48,0.002422830424349539
140607000001-86,0.9185273687891448
