Código SNCI,Área Sobreposta (ha)
140805000002-76,6.405446707865395e-05
141611000004-57,15914.4863386009
