Código SNCI,Área Sobreposta (ha)
141705000001-86,5.086611171244946e-08
140812000002-01,0.0001276268282692444
141712000001-11,67.78325638860399
141402000001-54,3.2423604942814335e-07
141402000003-16,1.416256614626838e-07
141110000003-35,0.0035161266310822547
141205000008-48,0.0006034701145266661
141402000002-35,9.815812518354505e-11
