SIPRA,Nome,Município,Área Sobreposta (ha)
AC0008000,PAD HUMAITÁ,PORTO ACRE,62010.61514643599
AC0167000,PA WALTER ARCE,BUJARI,0.00012493730998346583
AC0048000,PA PORTO ACRE,PORTO ACRE,1.9415596042363092e-11
AC0089000,PE POLO LEITEIRO DE PORTO ACRE,PORTO ACRE,211.21780356825326
AC0046000,PA BOA ÁGUA,RIO BRANCO,0.10305029300449332
AC0030000,PA COLIBRI,RIO BRANCO,2.0848193000694814e-10
