Código SNCI,Área Sobreposta (ha)
141408000004-65,0.0009660095192101316
141301000002-28,0.0006312339635817504
