Código SNCI,Área Sobreposta (ha)
141509000001-20,0.0013645633602907671
141509000005-53,0.002989529681379133
