Código SNCI,Área Sobreposta (ha)
141006000022-60,2.993938753249359e-05
141308000003-01,2.3101567879348293e-05
141008000004-31,4.3407772766295235e-05
141112000002-07,2.681222893342762e-05
141510000003-69,2.2191253768255592e-08
141510000002-88,3.0395246537376708e-05
141112000001-26,52539.36780180491
