Código SNCI,Área Sobreposta (ha)
141712000001-11,38.46906018293796
141612000005-64,379.9989186439341
171204000009-90,34.85133286867261
