Código SNCI,Área Sobreposta (ha)
141612000003-00,0.030113188931218445
141612000004-83,0.011621315178481782
141612000002-11,0.06059832328057531
