Código SNCI,Área Sobreposta (ha)
141306000004-21,5.6561792478896676e-05
141511000003-95,0.07001658862387047
141608000002-65,8.170853698175051e-09
141611000002-95,6.721590181534382e-07
