Código SNCI,Área Sobreposta (ha)
140712000001-40,0.1598702140165493
141109000002-87,66868.98867973717
