Código SNCI,Área Sobreposta (ha)
140612000003-20,0.3645643431052807
141609000006-15,5.8425426561781295
